Encounter,Location,Project,Recording,Species,SamplingRate,SELECTIONNUMBER,FREQMAX,FREQMIN,DURATION,FREQBEG,FREQEND,FREQRANGE,DCMEAN,DCSTDDEV,FREQMEAN,FREQSTDDEV,FREQMEDIAN,FREQCENTER,FREQRELBW,FREQMAXMINRATIO,FREQBEGENDRATIO,FREQQUARTER1,FREQQUARTER2,FREQQUARTER3,FREQSPREAD,DCQUARTER1MEAN,DCQUARTER2MEAN,DCQUARTER3MEAN,DCQUARTER4MEAN,FREQCOFM,FREQSTEPUP,FREQSTEPDOWN,FREQNUMSTEPS,FREQSLOPEMEAN,FREQABSSLOPEMEAN,FREQPOSSLOPEMEAN,FREQNEGSLOPEMEAN,FREQSLOPERATIO,FREQBEGSWEEP,FREQBEGUP,FREQBEGDWN,FREQENDSWEEP,FREQENDUP,FREQENDDWN,NUMSWEEPSUPDWN,NUMSWEEPSDWNUP,NUMSWEEPSUPFLAT,NUMSWEEPSDWNFLAT,NUMSWEEPSFLATUP,NUMSWEEPSFLATDWN,FREQSWEEPUPPERCENT,FREQSWEEPDWNPERCENT,FREQSWEEPFLATPERCENT,NUMINFLECTIONS,INFLMAXDELTA,INFLMINDELTA,INFLMAXMINDELTA,INFLMEDIANDELTA,INFLMEANDELTA,INFLSTDDEVDELTA,INFLDUR,STEPDUR
s167,Hawaii,HICEAS2002,2002-09-11 16:25:08,Steno bredanensis,150000.0,5,10546.875,9521.484375,0.451,9594.7265625,10180.6640625,1025.390625,0.30194444584519115,0.1534526619339283,10237.508745335821,276.3570200055842,10327.1484375,10034.1796875,0.10218978102189781,1.1076923076923078,0.9424460431654677,10473.6328125,9887.6953125,10400.390625,402.83203125,0.3333122385619183,0.3320823461935934,0.25393911571906663,0.2876003102224984,0.30029296875,0,0,0,1704.2283887987019,7398.200757575761,37547.520228794645,-10438.949342757935,-3.5968677494199546,0,0,1,0,0,1,0,2,4,7,2,10,30.097087378640776,50.48543689320388,19.41747572815534,6,0.185,0.02,9.25,0.047,0.0696,0.06833593490982617,13.303769401330376,0.0
s167,Hawaii,HICEAS2002,2002-09-11 16:25:08,Steno bredanensis,150000.0,14,9997.55859375,9448.2421875,0.422,9997.55859375,9448.2421875,549.31640625,0.08244385094396692,0.08101053429344836,9627.914428710938,170.0874281674222,9576.416015625,9722.900390625,0.05649717514124294,1.058139534883721,1.058139534883721,9741.2109375,9594.7265625,9484.86328125,256.34765625,0.10656904877286548,0.07702680213546485,0.08589758734438765,0.053669525058904544,0.0439453125,0,0,0,-1294.2655253013113,1294.2655253013113,0.0,-2674.8154189560432,0.0,0,0,1,1,0,0,0,0,0,3,0,3,17.391304347826086,65.21739130434783,17.391304347826086,0,0.0,0.0,0.0,0.0,0.0,0.0,0.0,0.0
s167,Hawaii,HICEAS2002,2002-09-11 16:25:08,Steno bredanensis,150000.0,16,8935.546875,8715.8203125,0.731,8935.546875,8789.0625,219.7265625,0.2202612054760125,0.18376978655596446,8841.281467013889,72.93414562989854,8789.0625,8825.68359375,0.024896265560165973,1.0252100840336134,1.0166666666666666,8935.546875,8789.0625,8789.0625,146.484375,0.29086752721124765,0.11522546032177966,0.15389924117087825,0.3222135572766405,0.029296875,0,0,0,-228.1688084112149,423.74207276368486,10463.169642857143,-11625.744047619046,-0.9000000000000001,1,0,0,1,0,0,0,0,1,3,1,4,33.11258278145696,34.437086092715234,32.450331125827816,2,0.096,0.096,1.0,0.096,0.096,0.0,2.735978112175103,0.0
s167,Hawaii,HICEAS2002,2002-09-11 16:25:08,Steno bredanensis,150000.0,17,6079.1015625,5566.40625,0.374,6079.1015625,5786.1328125,512.6953125,0.40784627471575724,0.2711324023789059,5791.364397321428,167.51768979654722,5712.890625,5822.75390625,0.0880503144654088,1.0921052631578947,1.0506329113924051,5932.6171875,5639.6484375,5712.890625,183.10546875,0.4082895414900551,0.271930545996248,0.46307974736843577,0.49422339650969277,0.0732421875,0,0,0,-745.10450487013,1886.5411931818178,10463.169642857143,-10338.608099489795,-1.0120481927710845,1,0,0,1,0,0,0,0,3,4,3,5,33.33333333333333,38.095238095238095,28.57142857142857,2,0.164,0.164,1.0,0.164,0.164,0.0,5.347593582887701,0.0
s167,Hawaii,HICEAS2002,2002-09-11 16:25:08,Steno bredanensis,150000.0,18,9594.7265625,6298.828125,0.506,9228.515625,6298.828125,3295.8984375,0.22874495077022425,0.16284430337899863,7541.015625,1182.187456359542,7031.25,7946.77734375,0.4147465437788018,1.5232558139534884,1.4651162790697674,8935.546875,7031.25,6591.796875,2270.5078125,0.10516618475270444,0.3088590112970547,0.2871980830572333,0.21292383359633135,0.35888671875,0,0,0,-5697.007344956566,7676.525926037645,73242.1875,-13745.020306299613,-5.328634361233476,0,0,1,1,0,0,1,1,0,9,0,10,18.75,63.39285714285714,17.857142857142858,2,0.007,0.007,1.0,0.007,0.007,0.0,3.952569169960474,0.0
s167,Hawaii,HICEAS2002,2002-09-11 16:25:08,Steno bredanensis,150000.0,33,9960.9375,8203.125,1.065,8203.125,9375.0,1757.8125,0.39748639455558693,0.23254310699915012,9242.510947452229,445.44796740014766,9375.0,9082.03125,0.1935483870967742,1.2142857142857142,0.875,9594.7265625,9301.7578125,9448.2421875,146.484375,0.34021953791209447,0.3141210454319971,0.48921010769654555,0.44786326812128724,0.5126953125,2,1,3,1184.9316048534802,5209.227621336996,99748.88392857145,-20926.33928571429,-4.766666666666667,1,0,0,1,0,0,3,0,2,14,5,12,32.13367609254499,37.53213367609254,30.334190231362467,7,0.506,0.007,72.28571428571429,0.11599999999999999,0.17183333333333337,0.1907840838924114,6.572769953051644,2.8169014084507045
s167,Hawaii,HICEAS2002,2002-09-11 16:25:08,Steno bredanensis,150000.0,34,6958.0078125,5859.375,0.778,6372.0703125,6152.34375,1098.6328125,0.21878232391635563,0.157962038209456,6199.473505434783,320.01954580928464,6079.1015625,6408.69140625,0.17142857142857143,1.1875,1.0357142857142858,6518.5546875,5932.6171875,6005.859375,366.2109375,0.30005391289439465,0.22208947669406895,0.12516502169076393,0.22814369011726082,0.21240234375,0,0,0,-458.91094924812023,2638.7379581766922,24850.02790178571,-11035.374232700893,-2.2518518518518515,1,0,0,1,0,0,1,1,4,12,4,13,31.906614785992215,40.07782101167315,28.01556420233463,4,0.436,0.015,29.066666666666666,0.28,0.2436666666666667,0.21283874960479665,5.141388174807198,0.0
s167,Hawaii,HICEAS2002,2002-09-11 16:25:08,Steno bredanensis,150000.0,35,9814.453125,8129.8828125,0.881,8129.8828125,9301.7578125,1684.5703125,0.41802477008167405,0.20799880508529706,9224.571814903846,408.79454183272026,9301.7578125,8972.16796875,0.18775510204081633,1.2072072072072073,0.8740157480314961,9667.96875,9448.2421875,9301.7578125,201.416015625,0.21127135930191723,0.4504715352088146,0.5354436290619614,0.4803596394306475,0.22705078125,1,0,1,1111.8807533914733,2416.3973819905873,75857.97991071429,-10517.665318080355,-7.212435233160623,2,1,0,1,0,0,0,0,3,7,2,8,32.94117647058823,35.88235294117647,31.176470588235293,3,0.068,0.027,2.5185185185185186,0.0475,0.0475,0.028991378028648453,3.4052213393870603,1.1350737797956867
s167,Hawaii,HICEAS2002,2002-09-11 16:25:08,Steno bredanensis,150000.0,49,10107.421875,8203.125,0.962,8203.125,9301.7578125,1904.296875,0.41445403296837313,0.21717362660191694,9341.989436619719,377.8765978614771,9375.0,9155.2734375,0.208,1.2321428571428572,0.8818897637795275,9741.2109375,9521.484375,9301.7578125,219.7265625,0.4013032444787347,0.3674522705205619,0.4140555202994835,0.47672374088721065,0.27099609375,1,0,1,1097.6433874746713,2909.5279651089177,141252.79017857145,-10644.821893601187,-13.269624573378845,1,0,0,1,0,0,1,0,1,9,2,9,31.868131868131865,37.362637362637365,30.76923076923077,3,0.034,0.014,2.428571428571429,0.024,0.024,0.014142135623730952,3.1185031185031185,1.0395010395010396
s167,Hawaii,HICEAS2002,2002-09-11 16:12:52,Steno bredanensis,150000.0,31,6591.796875,6481.93359375,0.136,6555.17578125,6518.5546875,109.86328125,0.2582449950028045,0.11016281339464444,6518.5546875,36.62109375,6518.5546875,6536.865234375,0.01680672268907563,1.0169491525423728,1.0056179775280898,6481.93359375,6481.93359375,6518.5546875,54.931640625,0.23635952803145888,0.14449263396285605,0.3011877336603945,0.3972876290333607,0.018310546875,0,0,0,-261.57924107142856,1831.0546875,7847.377232142857,-5231.584821428572,-1.5,0,0,1,0,0,1,1,0,0,2,1,1,31.25,43.75,25.0,2,0.028,0.028,1.0,0.028,0.028,0.0,14.705882352941176,0.0
s167,Hawaii,HICEAS2002,2002-09-11 16:12:52,Steno bredanensis,150000.0,32,8349.609375,6298.828125,0.287,6298.828125,6665.0390625,2050.78125,0.36058196250748176,0.08029244060677938,7811.3644622093025,539.6124175393868,7983.3984375,7324.21875,0.28,1.3255813953488371,0.945054945054945,7983.3984375,8349.609375,8056.640625,695.80078125,0.3240731298057393,0.35619968854192235,0.4252728949098427,0.3344021541989165,0.29296875,0,0,0,1141.8141475340135,12954.400510204086,19734.700520833336,-16537.62090773809,-1.1933216168717051,2,1,0,0,0,1,0,0,2,0,1,1,45.28301886792453,43.39622641509434,11.320754716981133,1,0.0,0.0,0.0,0.0,0.0,0.0,0.0,0.0
s167,Hawaii,HICEAS2002,2002-09-11 16:12:52,Steno bredanensis,150000.0,33,4833.984375,4541.015625,0.587,4833.984375,4614.2578125,292.96875,0.24864937193203965,0.12154338862337252,4640.355603448276,72.36571160565131,4687.5,4687.5,0.0625,1.064516129032258,1.0476190476190477,4687.5,4687.5,4541.015625,146.484375,0.3798941039662214,0.19664110848879168,0.21305405481990383,0.20293007038282265,0.02197265625,0,0,0,-390.3411155523256,633.6706421303986,10463.169642857143,-11008.126395089284,-0.9504950495049507,0,0,1,1,0,0,1,0,0,3,1,2,32.48945147679325,35.44303797468354,32.06751054852321,2,0.007,0.007,1.0,0.007,0.007,0.0,3.4071550255536627,0.0
s167,Hawaii,HICEAS2002,2002-09-11 16:12:52,Steno bredanensis,150000.0,39,6958.0078125,5346.6796875,0.915,6958.0078125,5346.6796875,1611.328125,0.2685486653385,0.17051088503177636,5712.890625,427.8209211091012,5493.1640625,6152.34375,0.2619047619047619,1.3013698630136987,1.3013698630136987,6005.859375,5493.1640625,5346.6796875,659.1796875,0.25361398463644136,0.26373703017387207,0.3279233000395875,0.22771948835760208,0.1611328125,0,0,0,-1773.142865471748,2241.6429987340084,31389.508928571428,-12226.847859172078,-2.5672609400324147,0,0,1,1,0,0,1,0,0,13,1,12,29.6875,40.9375,29.375,2,0.014,0.014,1.0,0.014,0.014,0.0,2.1857923497267757,0.0
s167,Hawaii,HICEAS2002,2002-09-11 16:12:52,Steno bredanensis,150000.0,47,11132.8125,8825.68359375,0.505,11132.8125,9082.03125,2307.12890625,0.15478983021328505,0.0719227832169396,9298.866673519737,598.3258533254465,9008.7890625,9979.248046875,0.23119266055045873,1.2614107883817427,1.2258064516129032,9521.484375,8935.546875,8862.3046875,604.248046875,0.08100859003912544,0.14053496720558933,0.18110878520567858,0.2262887676451752,0.164794921875,0,0,0,-4061.276033932285,5061.91180019305,3085.2936126373625,-8037.094044348509,-0.3838817358130663,0,0,1,2,1,0,1,0,0,2,1,1,33.33333333333333,59.523809523809526,7.142857142857142,2,0.149,0.149,1.0,0.149,0.149,0.0,3.9603960396039604,0.0
s167,Hawaii,HICEAS2002,2002-09-11 16:12:52,Steno bredanensis,150000.0,68,10034.1796875,3735.3515625,1.208,5053.7109375,3735.3515625,6298.828125,0.23996103196139038,0.1522720762709197,8652.042003160112,1580.660028458627,9301.7578125,6884.765625,0.9148936170212766,2.6862745098039214,1.3529411764705883,9082.03125,9375.0,9960.9375,1373.291015625,0.327775363683556,0.31088409622960894,0.20240005217416931,0.11517694766753675,1.10595703125,0,0,0,-1034.0015574556107,9428.182852855123,18119.147430313584,-30863.444010416668,-0.587074709620813,2,1,0,0,0,1,0,0,14,0,13,1,42.01183431952663,34.023668639053255,23.964497041420117,1,0.0,0.0,0.0,0.0,0.0,0.0,0.0,0.0
s167,Hawaii,HICEAS2002,2002-09-11 16:12:52,Steno bredanensis,150000.0,72,5932.6171875,5273.4375,0.71,5419.921875,5419.921875,659.1796875,0.2950241765535266,0.12308229491694081,5482.003348214285,158.9089818285178,5419.921875,5603.02734375,0.11764705882352941,1.125,1.0,5639.6484375,5419.921875,5346.6796875,219.7265625,0.2847969591807064,0.2852328509316276,0.35258231743143753,0.2578779331846739,0.146484375,1,0,1,129.95122553228043,2184.018983945741,60163.22544642857,-10681.152343749998,-5.632653061224491,1,0,0,1,0,0,0,0,2,8,2,9,31.800766283524908,37.93103448275862,30.268199233716476,4,0.512,0.027,18.962962962962962,0.095,0.21133333333333335,0.26259537949730444,5.633802816901409,1.4084507042253522
s167,Hawaii,HICEAS2002,2002-09-11 16:12:52,Steno bredanensis,150000.0,86,4943.84765625,4724.12109375,0.505,4760.7421875,4724.12109375,219.7265625,0.19545780839721993,0.1347773798655282,4842.657791940789,59.25453024142661,4833.984375,4833.984375,0.045454545454545456,1.0465116279069768,1.0077519379844961,4907.2265625,4833.984375,4833.984375,27.4658203125,0.37874761650103117,0.22246475911116909,0.08687068687021647,0.07038186457115629,0.02197265625,0,0,0,-104.23289231882987,811.2038141335016,4359.654017857142,-4233.8947673420325,-1.0297029702970297,2,1,0,0,0,1,0,0,1,2,0,3,32.95454545454545,37.5,29.545454545454547,1,0.0,0.0,0.0,0.0,0.0,0.0,0.0,0.0
s167,Hawaii,HICEAS2002,2002-09-11 16:12:52,Steno bredanensis,150000.0,102,9191.89453125,6665.0390625,1.01,9191.89453125,7324.21875,2526.85546875,0.08529643164257447,0.0514177547072702,7165.52734375,495.7788494509913,7031.25,7928.466796875,0.3187066974595843,1.379120879120879,1.255,7543.9453125,7104.4921875,7067.87109375,329.58984375,0.046966152384062376,0.09293132373804237,0.1028222303507983,0.09919766390044035,0.498046875,0,0,0,-1839.5745934808422,5816.557940581374,6131.182660113325,-9137.9646374291,-0.6709571445483606,0,0,1,2,1,0,1,3,3,1,1,3,40.65934065934066,49.45054945054945,9.89010989010989,8,0.164,0.081,2.0246913580246915,0.123,0.12071428571428573,0.024513358845836733,7.920792079207921,0.0
s167,Hawaii,HICEAS2002,2002-09-11 16:12:52,Steno bredanensis,150000.0,105,5859.375,4394.53125,0.321,5859.375,4467.7734375,1464.84375,0.13687682046264407,0.10252870867760151,4733.2763671875,412.0067835322043,4467.7734375,5126.953125,0.2857142857142857,1.3333333333333333,1.3114754098360655,5053.7109375,4467.7734375,4394.53125,585.9375,0.11571681947177112,0.12434482894443265,0.17240254542102804,0.13680002151712392,0.087890625,0,1,1,-4229.791983282675,4675.033244680851,10463.169642857143,-29894.770408163262,-0.35000000000000003,0,0,1,1,0,0,0,0,1,7,1,8,30.18867924528302,41.509433962264154,28.30188679245283,2,0.076,0.076,1.0,0.076,0.076,0.0,6.230529595015576,3.115264797507788
s167,Hawaii,HICEAS2002,2002-09-11 16:12:52,Steno bredanensis,150000.0,107,9777.83203125,8129.8828125,0.751,9777.83203125,8129.8828125,1647.94921875,0.24055417670821524,0.1484419570607148,8655.65708705357,423.9444590129571,8386.23046875,8953.857421875,0.18404907975460122,1.2027027027027026,1.2027027027027026,8715.8203125,8386.23046875,8239.74609375,741.5771484375,0.17467436905529748,0.33045262877284504,0.23145375883040092,0.22955607179885745,0.2197265625,0,0,0,-2154.2178524600395,3772.4726445429565,7417.001130380037,-5820.856738127944,-1.2742112482853223,0,0,1,0,0,1,2,0,0,5,2,3,28.000000000000004,57.333333333333336,14.666666666666666,4,0.342,0.053,6.452830188679246,0.095,0.16333333333333333,0.15614843365635578,5.326231691078562,0.0
s167,Hawaii,HICEAS2002,2002-09-11 16:58:08,Steno bredanensis,150000.0,2,10107.421875,6665.0390625,1.031,10107.421875,7104.4921875,3442.3828125,0.16651537211007672,0.12849832020863275,7231.220446134868,507.4346873437555,7177.734375,8386.23046875,0.4104803493449782,1.5164835164835164,1.422680412371134,7177.734375,7104.4921875,7250.9765625,219.7265625,0.22793032219133066,0.1119226342709533,0.0759185954887724,0.2508942503891943,0.4248046875,0,0,0,-2913.172784117786,5038.143219311729,10695.684523809521,-21440.155652104586,-0.49886226095376424,0,0,1,1,0,0,0,0,9,10,9,10,35.44303797468354,38.291139240506325,26.265822784810126,8,0.191,0.041,4.658536585365853,0.13,0.12385714285714286,0.06088357351379372,7.75945683802134,0.0
s167,Hawaii,HICEAS2002,2002-09-11 16:58:08,Steno bredanensis,150000.0,3,7543.9453125,6665.0390625,0.819,6665.0390625,7031.25,878.90625,0.5005268517752915,0.1582250953407712,7316.955061983471,183.2043089377417,7397.4609375,7104.4921875,0.12371134020618557,1.1318681318681318,0.9479166666666666,7543.9453125,7397.4609375,7324.21875,146.484375,0.4361961851465691,0.594764862826796,0.45767991254854756,0.5156108021335449,0.15380859375,0,0,0,454.1306268601192,2081.734793526786,10867.99465880102,-10850.694444444443,-1.0015943877551021,2,1,0,1,0,0,0,0,5,7,4,8,36.29893238434164,34.87544483985765,28.825622775800714,5,0.294,0.02,14.7,0.0545,0.10575,0.12655005597259394,6.1050061050061055,0.0
s167,Hawaii,HICEAS2002,2002-09-11 16:58:08,Steno bredanensis,150000.0,4,8276.3671875,5493.1640625,0.62,5493.1640625,8203.125,2783.203125,0.5104216376764389,0.1597574961633594,7987.378991168478,485.02786409798045,8129.8828125,6884.765625,0.40425531914893614,1.5066666666666666,0.6696428571428571,7910.15625,8276.3671875,8056.640625,238.037109375,0.6014697995959049,0.4086623384362594,0.4612658666406813,0.5688712163255015,0.205078125,0,0,0,4527.333018543957,5217.212335655418,31669.77240114797,-10463.169642857143,-3.0267857142857153,2,1,0,1,0,0,1,0,4,3,4,3,38.53211009174312,32.11009174311927,29.357798165137616,3,0.158,0.122,1.2950819672131149,0.14,0.14,0.025455844122715714,4.838709677419355,0.0
s167,Hawaii,HICEAS2002,2002-09-11 16:58:08,Steno bredanensis,150000.0,5,7617.1875,6884.765625,0.662,6884.765625,7250.9765625,732.421875,0.23382684214249946,0.16121440839058007,7448.282047193878,140.0803561473948,7470.703125,7250.9765625,0.10101010101010101,1.1063829787234043,0.9494949494949495,7470.703125,7543.9453125,7543.9453125,146.484375,0.057164118978128384,0.16980534767056787,0.3573387486812291,0.361027662308252,0.087890625,0,0,0,496.1915500736376,1670.1519928203236,11674.18464781746,-11387.416294642857,-1.025182916453973,2,1,0,0,0,1,0,0,6,2,5,3,36.440677966101696,33.89830508474576,29.66101694915254,1,0.0,0.0,0.0,0.0,0.0,0.0,0.0,0.0
s167,Hawaii,HICEAS2002,2002-09-11 16:58:08,Steno bredanensis,150000.0,9,10839.84375,6152.34375,1.052,6225.5859375,6152.34375,4687.5,0.32713019216673483,0.12365547717049652,6888.545866935484,1255.475542082753,6372.0703125,8496.09375,0.5517241379310345,1.7619047619047619,1.0119047619047619,6665.0390625,6298.828125,6298.828125,256.34765625,0.2226897790502798,0.3466441830552691,0.35863273832748366,0.38195995970935837,0.81298828125,3,2,5,-79.26643668831107,9449.691630913725,72152.27399553571,-24457.659040178565,-2.9500891265597153,2,1,0,1,0,0,1,0,5,6,5,6,32.26744186046512,39.825581395348834,27.906976744186046,5,0.301,0.075,4.013333333333334,0.1465,0.16725,0.10201429638372587,4.752851711026616,4.752851711026616
s167,Hawaii,HICEAS2002,2002-09-11 16:58:08,Steno bredanensis,150000.0,10,8862.3046875,8422.8515625,0.123,8422.8515625,8862.3046875,439.453125,0.3689196707097944,0.037588412203323644,8758.223684210527,120.3882882182536,8789.0625,8642.578125,0.05084745762711865,1.0521739130434782,0.9504132231404959,8789.0625,8789.0625,8789.0625,0.0,0.3628297481824475,0.3750856793480398,0.39270518263256604,0.3390926731677065,0.00732421875,0,0,0,3487.723214285714,3487.723214285714,31389.50892857143,0.0,0.0,2,1,0,2,1,0,1,0,1,0,1,0,39.53488372093023,30.23255813953488,30.23255813953488,1,0.0,0.0,0.0,0.0,0.0,0.0,0.0,0.0
s167,Hawaii,HICEAS2002,2002-09-11 16:58:08,Steno bredanensis,150000.0,13,6591.796875,6225.5859375,0.484,6445.3125,6225.5859375,366.2109375,0.4275714952824077,0.0787442857145675,6402.587890625,100.43215122492626,6445.3125,6408.69140625,0.05714285714285714,1.0588235294117647,1.035294117647059,6445.3125,6518.5546875,6298.828125,146.484375,0.4152846823394608,0.40889271112501063,0.47292130840386865,0.4130639026096336,0.05126953125,0,0,0,-571.0532727615695,1344.7383519869213,27465.8203125,-11335.10044642857,-2.4230769230769234,1,0,0,1,0,0,0,1,1,5,0,7,31.693989071038253,37.15846994535519,31.147540983606557,2,0.026,0.026,1.0,0.026,0.026,0.0,4.132231404958678,0.0
s167,Hawaii,HICEAS2002,2002-09-11 16:43:08,Steno bredanensis,150000.0,3,8056.640625,7543.9453125,0.409,7946.77734375,7873.53515625,512.6953125,0.06173720026061895,0.05052425427498721,7867.628528225807,130.71106691973037,7873.53515625,7800.29296875,0.06572769953051644,1.0679611650485437,1.0093023255813953,7873.53515625,7543.9453125,7873.53515625,91.552734375,0.04521542630837641,0.04194519722191363,0.062231134735728895,0.10267416313586228,0.091552734375,0,0,0,-243.46990899725267,3208.0346411401097,14822.823660714284,-3451.5045501373625,-4.2945977458219975,2,1,0,1,0,0,1,0,0,1,0,1,25.53191489361702,53.191489361702125,21.27659574468085,1,0.0,0.0,0.0,0.0,0.0,0.0,0.0,0.0
s167,Hawaii,HICEAS2002,2002-09-11 16:43:08,Steno bredanensis,150000.0,7,6848.14453125,6042.48046875,0.519,6042.48046875,6774.90234375,805.6640625,0.160679005176655,0.14076408036827343,6630.295973557692,221.15922450270895,6701.66015625,6445.3125,0.125,1.1333333333333333,0.8918918918918919,6848.14453125,6665.0390625,6738.28125,109.86328125,0.09386130588672123,0.08334803302058792,0.28061349178421824,0.1875836549971414,0.106201171875,0,0,0,1379.0274024906016,2503.3592281484976,12294.224330357147,-2670.2880859374995,-4.604081632653063,2,1,0,1,0,0,1,0,2,1,2,1,37.5,39.0625,23.4375,3,0.244,0.205,1.1902439024390243,0.22449999999999998,0.22449999999999998,0.027577164466275356,5.780346820809249,0.0
s167,Hawaii,HICEAS2002,2002-09-11 16:43:08,Steno bredanensis,150000.0,15,10034.1796875,8349.609375,0.983,8349.609375,9448.2421875,1684.5703125,0.2811695839466884,0.11801503997818408,9440.160290948275,435.289558504717,9521.484375,9191.89453125,0.18326693227091634,1.2017543859649122,0.8837209302325582,9887.6953125,9667.96875,9521.484375,219.7265625,0.2614949575222763,0.2279818788806245,0.28028387575358377,0.35546414103094737,0.21240234375,1,0,1,1086.8859669518852,2255.5154467385923,120326.45089285714,-10517.665318080355,-11.440414507772024,1,0,0,1,0,0,1,0,1,8,2,8,32.56410256410256,35.64102564102564,31.794871794871792,1,0.0,0.0,0.0,0.0,0.0,0.0,0.0,1.017293997965412
s167,Hawaii,HICEAS2002,2002-09-11 16:43:08,Steno bredanensis,150000.0,18,6884.765625,6665.0390625,0.239,6884.765625,6665.0390625,219.7265625,0.29662135369207915,0.13407699924443045,6748.453776041667,72.51193807997974,6738.28125,6774.90234375,0.032432432432432434,1.032967032967033,1.032967032967033,6811.5234375,6738.28125,6665.0390625,146.484375,0.2775550320224893,0.37930227596341254,0.20902374037596666,0.3259855332044431,0.02197265625,0,0,0,-896.8431122448978,896.8431122448978,0.0,-10463.169642857143,0.0,1,0,0,1,0,0,0,0,0,3,0,4,31.11111111111111,37.77777777777778,31.11111111111111,0,0.0,0.0,0.0,0.0,0.0,0.0,0.0,0.0
s167,Hawaii,HICEAS2002,2002-09-11 16:43:08,Steno bredanensis,150000.0,19,9155.2734375,8569.3359375,0.527,9008.7890625,8935.546875,585.9375,0.3307732072059403,0.09402371335118966,8936.485877403846,159.0236023575675,8935.546875,8862.3046875,0.06611570247933884,1.0683760683760684,1.0081967213114753,8789.0625,9155.2734375,9155.2734375,219.7265625,0.3309640938855941,0.34986428188636454,0.32749129961491014,0.3137583133653095,0.12451171875,0,0,0,-181.18042671614083,2627.1161873840438,47084.26339285714,-10811.941964285712,-4.35483870967742,1,0,0,1,0,0,1,1,1,9,1,10,30.939226519337016,39.77900552486188,29.2817679558011,4,0.082,0.006,13.666666666666666,0.048,0.04533333333333334,0.038070110760717965,7.590132827324478,0.0
s167,Hawaii,HICEAS2002,2002-09-11 16:52:08,Steno bredanensis,150000.0,2,9082.03125,6372.0703125,0.936,7617.1875,6372.0703125,2709.9609375,0.38374489997525724,0.04496467977090201,6967.561141304348,763.8678545638364,6738.28125,7727.05078125,0.35071090047393366,1.4252873563218391,1.1954022988505748,6665.0390625,6738.28125,6518.5546875,292.96875,0.3886238607747179,0.400142674824102,0.38104533329637447,0.36454194466323736,0.46142578125,1,0,1,-1610.207980318039,4970.642026199165,76729.91071428571,-15026.274181547622,-5.106382978723403,1,0,0,1,0,0,2,1,1,7,2,7,30.158730158730158,41.269841269841265,28.57142857142857,5,0.212,0.013,16.307692307692307,0.126,0.11925,0.10058288456127448,5.3418803418803416,1.0683760683760684
s167,Hawaii,HICEAS2002,2002-09-11 16:52:08,Steno bredanensis,150000.0,3,9008.7890625,8569.3359375,0.635,8935.546875,8569.3359375,439.453125,0.3134097347305683,0.0879030172949045,8775.037400265957,174.6080178394685,8789.0625,8789.0625,0.05,1.0512820512820513,1.0427350427350428,8935.546875,8789.0625,8569.3359375,366.2109375,0.30980482328573666,0.30357333456538177,0.3265739405368472,0.3142712453869172,0.0439453125,0,0,0,-600.0384024577573,825.0528033794162,10463.169642857143,-11044.456845238095,-0.9473684210526316,2,1,0,1,0,0,0,0,1,6,1,7,32.25806451612903,36.29032258064516,31.451612903225808,1,0.0,0.0,0.0,0.0,0.0,0.0,0.0,0.0
s167,Hawaii,HICEAS2002,2002-09-11 16:52:08,Steno bredanensis,150000.0,5,6884.765625,5932.6171875,0.437,5932.6171875,6738.28125,952.1484375,0.1741065749803158,0.15500322181058296,6710.111177884615,233.6630645520215,6738.28125,6408.69140625,0.14857142857142858,1.1604938271604939,0.8804347826086957,6884.765625,6738.28125,6738.28125,73.2421875,0.09667751261367534,0.028779283447983875,0.2633548678727493,0.3124539523847697,0.10986328125,1,0,1,1798.3572823660716,2452.3053850446427,136021.20535714287,-10463.169642857143,-13.0,1,0,0,1,0,0,0,0,1,2,1,3,33.33333333333333,34.463276836158194,32.20338983050847,1,0.0,0.0,0.0,0.0,0.0,0.0,0.0,2.288329519450801
s167,Hawaii,HICEAS2002,2002-09-11 16:40:08,Steno bredanensis,150000.0,6,9301.7578125,7543.9453125,0.286,7543.9453125,8789.0625,1757.8125,0.271456038785955,0.1484227563336147,8436.478015988372,537.8038898503343,8496.09375,8422.8515625,0.20869565217391303,1.233009708737864,0.8583333333333333,9082.03125,8349.609375,7836.9140625,915.52734375,0.30287111733326966,0.3303308238947174,0.24210969417160333,0.2044181678400573,0.41748046875,2,0,2,4795.619419642859,15964.637808248308,108991.35044642857,-11169.01838860544,-9.758364312267659,2,1,0,1,0,0,2,1,1,3,1,3,23.214285714285715,62.5,14.285714285714285,3,0.198,0.007,28.285714285714285,0.10250000000000001,0.10250000000000001,0.13505739520663057,10.48951048951049,6.993006993006993
s167,Hawaii,HICEAS2002,2002-09-11 16:40:08,Steno bredanensis,150000.0,7,10400.390625,7470.703125,0.758,8349.609375,9960.9375,2929.6875,0.24440799912735386,0.13660351834914397,9027.75355747768,902.6019896478956,8935.546875,8935.546875,0.32786885245901637,1.392156862745098,0.8382352941176471,8056.640625,8935.546875,10400.390625,1831.0546875,0.27344590971256394,0.3202647534800375,0.2350106406994395,0.14429827716940455,0.54931640625,3,0,3,2007.0118947072074,7984.843800273486,110909.59821428571,-11440.333474445819,-9.694612352168194,0,0,1,0,0,1,1,3,3,16,1,19,27.403846153846157,48.55769230769231,24.03846153846154,8,0.157,0.007,22.428571428571427,0.068,0.06628571428571428,0.05663248268651212,10.554089709762533,3.9577836411609497
s167,Hawaii,HICEAS2002,2002-09-11 16:40:08,Steno bredanensis,150000.0,9,10327.1484375,7836.9140625,0.663,8276.3671875,9814.453125,2490.234375,0.28915097420042957,0.1266378631208656,9080.536511479591,832.3684387009571,8862.3046875,9082.03125,0.27419354838709675,1.3177570093457944,0.8432835820895522,9008.7890625,8569.3359375,10180.6640625,1464.84375,0.29875410471689046,0.2796544721772103,0.25452396485102774,0.32366691220270477,0.43212890625,2,0,2,2220.2774070324003,7056.347224779086,149972.0982142857,-10661.33573457792,-14.066914498141266,0,0,1,0,0,1,2,1,1,17,2,16,27.835051546391753,46.391752577319586,25.773195876288657,6,0.205,0.013,15.769230769230768,0.021,0.05739999999999999,0.08293551712023021,9.049773755656108,3.0165912518853695
s167,Hawaii,HICEAS2002,2002-09-11 16:40:08,Steno bredanensis,150000.0,10,10034.1796875,8276.3671875,1.044,8276.3671875,9521.484375,1757.8125,0.2919808896713848,0.1575615406897375,9365.963626217532,436.356783653218,9521.484375,9155.2734375,0.192,1.2123893805309736,0.8692307692307693,9814.453125,9521.484375,9521.484375,73.2421875,0.31955705775598653,0.2303332209543896,0.28836255044999826,0.3305673479628594,0.25634765625,1,0,1,1151.1766164799255,2678.4802462651737,146484.375,-10621.702516233765,-13.791044776119405,1,0,0,1,0,0,2,0,0,7,2,6,32.27383863080684,36.18581907090464,31.54034229828851,3,0.157,0.014,11.214285714285714,0.0855,0.0855,0.1011162697096763,2.8735632183908044,0.9578544061302682
s167,Hawaii,HICEAS2002,2002-09-11 16:40:08,Steno bredanensis,150000.0,11,9960.9375,8422.8515625,0.819,8422.8515625,9448.2421875,1538.0859375,0.31245316029046405,0.1372609568165289,9377.421229338843,375.0083307649227,9448.2421875,9191.89453125,0.16733067729083664,1.182608695652174,0.8914728682170543,8862.3046875,9667.96875,9448.2421875,805.6640625,0.29303554974919166,0.3211468342121979,0.31130068415984685,0.3249768267253289,0.146484375,1,0,1,1206.1709449404766,2455.9384300595248,109863.28125,-10712.292729591836,-10.255813953488373,2,1,0,1,0,0,1,0,1,6,2,6,32.71028037383177,35.82554517133956,31.464174454828658,1,0.0,0.0,0.0,0.0,0.0,0.0,0.0,1.221001221001221
s167,Hawaii,HICEAS2002,2002-09-11 16:40:08,Steno bredanensis,150000.0,12,7983.3984375,7031.25,0.28,7690.4296875,7690.4296875,952.1484375,0.2932654089470844,0.10530023344523876,7662.527901785715,278.28852270653425,7727.05078125,7507.32421875,0.12682926829268293,1.1354166666666667,1.0,7250.9765625,7983.3984375,7836.9140625,366.2109375,0.29180967539532776,0.32798499686774607,0.22042373101526583,0.3295168470731076,0.17578125,1,0,1,-53.16651241289151,6688.347261541811,136021.20535714287,-10630.848643543954,-12.794952681388017,0,0,1,1,0,0,0,1,1,4,0,5,23.943661971830984,53.52112676056338,22.535211267605636,2,0.04,0.04,1.0,0.04,0.04,0.0,7.142857142857142,3.571428571428571
s167,Hawaii,HICEAS2002,2002-09-11 16:34:08,Steno bredanensis,150000.0,5,9521.484375,8203.125,0.232,8203.125,9521.484375,1318.359375,0.1706642419976774,0.1531572442559022,8925.083705357143,345.8902221907136,9008.7890625,8862.3046875,0.1487603305785124,1.1607142857142858,0.8615384615384616,8715.8203125,9008.7890625,9155.2734375,402.83203125,0.3848480724716261,0.1170740860891803,0.0905289734808164,0.08014853519301292,0.1025390625,0,0,0,5693.195246848738,5693.195246848738,11386.390493697476,0.0,0.0,2,1,0,2,1,0,1,0,5,0,5,0,67.3469387755102,16.3265306122449,16.3265306122449,1,0.0,0.0,0.0,0.0,0.0,0.0,0.0,0.0
s167,Hawaii,HICEAS2002,2002-09-11 16:34:08,Steno bredanensis,150000.0,8,10620.1171875,9228.515625,0.164,10620.1171875,9228.515625,1391.6015625,0.32901043479640035,0.11720451239706596,9934.5703125,391.50900948049014,9960.9375,9924.31640625,0.14022140221402213,1.1507936507936507,1.1507936507936507,10253.90625,9960.9375,9667.96875,512.6953125,0.40321056788080606,0.3862955334577578,0.23050565043677276,0.2836632985628637,0.1171875,0,0,0,-8537.655784970237,8537.655784970237,0.0,-10784.407307330826,0.0,0,0,1,0,0,1,0,0,0,1,0,1,4.0,92.0,4.0,0,0.0,0.0,0.0,0.0,0.0,0.0,0.0,0.0
s167,Hawaii,HICEAS2002,2002-09-11 16:34:08,Steno bredanensis,150000.0,20,6445.3125,5419.921875,0.697,5493.1640625,5639.6484375,1025.390625,0.39969020927321575,0.10233544720597237,5791.110436893204,257.2717014761794,5712.890625,5932.6171875,0.1728395061728395,1.1891891891891893,0.974025974025974,6298.828125,5932.6171875,5712.890625,366.2109375,0.4288990952932846,0.44100915809327496,0.38076855164059964,0.3460197849774033,0.1904296875,1,0,1,217.98270089285754,2654.259946165966,146484.375,-10354.178292410712,-14.147368421052635,1,0,0,1,0,0,1,0,0,11,1,11,30.555555555555557,39.285714285714285,30.158730158730158,2,0.014,0.014,1.0,0.014,0.014,0.0,2.8694404591104736,1.4347202295552368
s167,Hawaii,HICEAS2002,2002-09-11 16:15:34,Steno bredanensis,150000.0,2,9667.96875,9301.7578125,0.853,9375.0,9594.7265625,366.2109375,0.35115375179576025,0.0878236564578976,9524.972098214286,80.1563479009427,9521.484375,9484.86328125,0.03861003861003861,1.0393700787401574,0.9770992366412213,9521.484375,9521.484375,9521.484375,0.0,0.3503835547101988,0.3770602780057259,0.32073009127961993,0.3556302338609024,0.09521484375,0,0,0,209.26339285714286,1297.4330357142856,47084.26339285714,-11335.100446428569,-4.153846153846154,1,0,0,0,0,1,0,1,2,5,1,7,32.84457478005865,35.19061583577713,31.964809384164223,4,0.669,0.034,19.676470588235293,0.061,0.25466666666666665,0.35907705765383197,4.6893317702227435,0.0
s167,Hawaii,HICEAS2002,2002-09-11 16:15:34,Steno bredanensis,150000.0,3,12670.8984375,11059.5703125,0.573,11718.75,12377.9296875,1611.328125,0.3582124328070532,0.10517424753706346,12091.85431985294,466.8802750382701,12377.9296875,11865.234375,0.13580246913580246,1.1456953642384107,0.9467455621301775,12158.203125,12597.65625,12377.9296875,585.9375,0.3538515370723536,0.3640376329563991,0.3619550987265085,0.3532131241746043,0.3955078125,1,0,1,1048.3929900085034,8376.763791454081,65976.0974702381,-13990.526075487009,-4.715769593956565,0,0,1,1,0,0,1,1,2,4,2,4,30.48780487804878,43.292682926829265,26.21951219512195,6,0.157,0.013,12.076923076923077,0.021,0.0628,0.06636414694697733,10.471204188481677,1.7452006980802794
s167,Hawaii,HICEAS2002,2002-09-11 16:15:34,Steno bredanensis,150000.0,6,8496.09375,7031.25,0.575,7031.25,8496.09375,1464.84375,0.5876773725450419,0.12174650402743667,8028.205422794118,310.5540555236029,8129.8828125,7763.671875,0.18867924528301888,1.2083333333333333,0.8275862068965517,7983.3984375,8203.125,7983.3984375,292.96875,0.5155550189708333,0.6093363311198834,0.6475191345325563,0.5817334033461429,0.19775390625,0,0,0,2579.4619605654757,3835.4575228528915,11226.109095982141,-10550.362723214286,-1.0640495867768593,2,1,0,1,0,0,1,0,8,4,8,4,48.99328859060403,28.859060402684566,22.14765100671141,3,0.185,0.151,1.2251655629139073,0.16799999999999998,0.16799999999999998,0.024041630560342617,5.217391304347826,0.0
s167,Hawaii,HICEAS2002,2002-09-11 16:15:34,Steno bredanensis,150000.0,7,8166.50390625,7287.59765625,0.301,8166.50390625,7434.08203125,878.90625,0.3185609307949693,0.13994159344614235,7636.294157608696,298.5072662840818,7470.703125,7727.05078125,0.11374407582938388,1.120603015075377,1.0985221674876848,7910.15625,7470.703125,7324.21875,439.453125,0.28965173938720495,0.3065098335962329,0.32306576159598027,0.3623074801615572,0.091552734375,0,0,0,-2426.162704483016,3377.359944742757,5231.584821428572,-4910.673010883346,-1.0653498634166845,0,0,1,1,0,0,0,1,1,0,0,1,24.137931034482758,62.06896551724138,13.793103448275861,2,0.097,0.097,1.0,0.097,0.097,0.0,6.644518272425249,0.0
s167,Hawaii,HICEAS2002,2002-09-11 16:15:34,Steno bredanensis,150000.0,16,7617.1875,5639.6484375,0.402,6518.5546875,7250.9765625,1977.5390625,0.37524701611576133,0.09986278085311505,6727.294921875,638.058315052726,6555.17578125,6628.41796875,0.2983425414364641,1.3506493506493507,0.898989898989899,6079.1015625,6665.0390625,7470.703125,1171.875,0.39640852525335163,0.3848131991875648,0.38500302410478526,0.33036008667905764,0.34423828125,2,0,2,2571.456946125909,10670.068477602903,195312.5,-10859.501826298698,-17.98540145985402,0,0,1,0,0,1,1,1,0,8,0,9,20.87912087912088,59.34065934065934,19.78021978021978,2,0.013,0.013,1.0,0.013,0.013,0.0,4.975124378109452,4.975124378109452
s167,Hawaii,HICEAS2002,2002-09-11 16:15:34,Steno bredanensis,150000.0,17,9814.453125,8276.3671875,0.348,8276.3671875,9448.2421875,1538.0859375,0.41518130653931934,0.0464714875072738,9124.286358173076,556.7287040155027,9448.2421875,9045.41015625,0.1700404858299595,1.1858407079646018,0.875968992248062,8715.8203125,9814.453125,9667.96875,952.1484375,0.4039723836705775,0.4060954577642007,0.4322107939684028,0.4196527746777226,0.1904296875,1,0,1,3145.7895658263305,5881.258753501401,115094.86607142857,-11625.744047619046,-9.9,1,0,0,0,0,1,1,0,1,6,2,6,31.932773109243694,38.655462184873954,29.411764705882355,3,0.103,0.028,3.6785714285714284,0.0655,0.0655,0.053033008588991064,8.620689655172415,2.873563218390805
s167,Hawaii,HICEAS2002,2002-09-11 16:15:34,Steno bredanensis,150000.0,23,12670.8984375,11352.5390625,0.239,12670.8984375,11572.265625,1318.359375,0.40841088610077214,0.11543763644408946,11857.096354166666,356.14419001582945,11865.234375,12011.71875,0.10975609756097561,1.1161290322580646,1.0949367088607596,12158.203125,11865.234375,11499.0234375,549.31640625,0.43460975373713795,0.45701764774305037,0.35098603561685526,0.3855826515021584,0.1025390625,0,0,0,-4758.250956632653,6551.937181122447,10463.169642857143,-12370.518275669641,-0.8458149779735684,0,0,1,2,1,0,1,1,1,1,1,1,22.727272727272727,65.9090909090909,11.363636363636363,2,0.041,0.041,1.0,0.041,0.041,0.0,8.368200836820083,0.0
s167,Hawaii,HICEAS2002,2002-09-11 16:15:34,Steno bredanensis,150000.0,25,9667.96875,9301.7578125,0.759,9521.484375,9667.96875,366.2109375,0.35071978337628346,0.1688102942856575,9436.471121651786,113.61680393049565,9375.0,9484.86328125,0.03861003861003861,1.0393700787401574,0.9848484848484849,9375.0,9301.7578125,9521.484375,146.484375,0.4438056992660227,0.40369784190566926,0.28384559959941835,0.26514941101061595,0.0732421875,0,0,0,200.30842784749035,930.8450470559843,10463.169642857141,-10136.195591517857,-1.032258064516129,1,0,0,1,0,0,0,0,6,4,6,5,35.172413793103445,33.793103448275865,31.03448275862069,4,0.329,0.123,2.6747967479674797,0.191,0.21433333333333335,0.10496348571447757,5.270092226613966,0.0
s167,Hawaii,HICEAS2002,2002-09-11 16:15:34,Steno bredanensis,150000.0,32,13842.7734375,10546.875,0.675,11132.8125,13842.7734375,3295.8984375,0.3429841338153662,0.13263941534119678,11943.603515625,982.5508312953931,11865.234375,12194.82421875,0.2702702702702703,1.3125,0.8042328042328042,10546.875,11645.5078125,12158.203125,1171.875,0.270097989077274,0.33046881759937763,0.3796055127331042,0.3968336419673104,0.498046875,1,0,1,4135.94651875902,7658.8992604617615,97307.47767857143,-10899.135044642853,-8.928000000000004,0,0,1,1,0,0,2,0,4,11,6,10,32.057416267942585,41.14832535885167,26.794258373205743,6,0.164,0.013,12.615384615384617,0.137,0.0954,0.07582413863671648,8.888888888888888,1.4814814814814814
s167,Hawaii,HICEAS2002,2002-09-11 16:15:34,Steno bredanensis,150000.0,34,9521.484375,9375.0,0.873,9375.0,9521.484375,146.484375,0.2997528873215368,0.13043114849693999,9470.952943313954,57.02673477036972,9521.484375,9448.2421875,0.015503875968992248,1.015625,0.9846153846153847,9448.2421875,9521.484375,9448.2421875,73.2421875,0.3837618524868461,0.3236720803321828,0.2804212385548222,0.2085310977508799,0.029296875,0,0,0,177.11094447544642,340.5979701450893,11044.456845238095,-10463.169642857143,-1.0555555555555556,1,0,0,1,0,0,0,0,3,1,3,2,34.24657534246575,33.15068493150685,32.602739726027394,3,0.15,0.129,1.1627906976744184,0.1395,0.1395,0.014849242404917492,3.436426116838488,0.0
s167,Hawaii,HICEAS2002,2002-09-11 16:15:34,Steno bredanensis,150000.0,42,8715.8203125,8056.640625,1.249,8422.8515625,8349.609375,659.1796875,0.37974818678804,0.07440123545939083,8454.695991847826,219.87442403330977,8496.09375,8386.23046875,0.07860262008733625,1.0818181818181818,1.0087719298245614,8129.8828125,8715.8203125,8496.09375,366.2109375,0.36585799443182415,0.4022229251598336,0.36326401181953494,0.38813203399228174,0.1611328125,0,0,0,19.058596799375554,1396.0422155542542,32370.431082589286,-10499.50009300595,-3.0830449826989628,0,0,1,1,0,0,0,0,4,11,4,11,32.780082987551864,36.09958506224066,31.12033195020747,6,0.22,0.019,11.578947368421053,0.109,0.11479999999999999,0.07221980337829784,4.803843074459567,0.0
s167,Hawaii,HICEAS2002,2002-09-11 16:28:08,Steno bredanensis,150000.0,1,6079.1015625,5786.1328125,0.601,6079.1015625,5786.1328125,292.96875,0.12745726355259085,0.06216715181628493,5871.719188904494,109.43851828107695,5786.1328125,5932.6171875,0.04938271604938271,1.0506329113924051,1.0506329113924051,5932.6171875,5786.1328125,5786.1328125,146.484375,0.0924427054202541,0.13926515993615507,0.12807352953096351,0.1516392301471878,0.029296875,0,0,0,-495.4152293019481,495.4152293019481,0.0,-10899.135044642857,0.0,1,0,0,1,0,0,0,0,0,4,0,5,32.244897959183675,35.51020408163265,32.244897959183675,0,0.0,0.0,0.0,0.0,0.0,0.0,0.0,0.0
s167,Hawaii,HICEAS2002,2002-09-11 16:28:08,Steno bredanensis,150000.0,7,9082.03125,8642.578125,0.491,8715.8203125,9082.03125,439.453125,0.16125072650083358,0.13476511375608746,8729.866759417808,59.373793146235016,8715.8203125,8862.3046875,0.049586776859504134,1.0508474576271187,0.9596774193548387,8715.8203125,8715.8203125,8789.0625,0.0,0.1013907528267681,0.154203888517108,0.19475701249333097,0.1979768062591309,0.05859375,0,0,0,726.6090029761904,1307.896205357143,14648.4375,-10463.169642857143,-1.4,0,0,1,2,1,0,1,0,2,2,3,1,35.233160621761655,33.160621761658035,31.606217616580313,4,0.37,0.021,17.619047619047617,0.067,0.15266666666666667,0.18961627918861115,8.146639511201629,0.0
s167,Hawaii,HICEAS2002,2002-09-11 16:28:08,Steno bredanensis,150000.0,34,8715.8203125,8349.609375,0.663,8569.3359375,8715.8203125,366.2109375,0.31626604199273234,0.20875255111248858,8494.599011479591,52.56335849428807,8496.09375,8532.71484375,0.04291845493562232,1.043859649122807,0.9831932773109243,8496.09375,8496.09375,8496.09375,0.0,0.21726862033006766,0.2718170474390852,0.46696440314109267,0.3149910310696968,0.05859375,0,0,0,197.75750184094255,1096.6552374815906,15694.754464285714,-10899.135044642857,-1.44,1,0,0,2,1,0,1,1,1,3,1,4,33.587786259541986,34.73282442748092,31.679389312977097,4,0.416,0.021,19.809523809523807,0.062,0.16633333333333333,0.21718732314141478,6.033182503770739,0.0
s167,Hawaii,HICEAS2002,2002-09-11 16:28:08,Steno bredanensis,150000.0,39,9960.9375,8276.3671875,0.976,8276.3671875,9960.9375,1684.5703125,0.12861928448488835,0.15501335368353084,9351.603190104166,479.6678258000197,9448.2421875,9118.65234375,0.18473895582329317,1.2035398230088497,0.8308823529411765,8715.8203125,9521.484375,9521.484375,805.6640625,0.08311862038741957,0.0740685394419033,0.11008595394424675,0.25189217855965707,0.28564453125,0,0,0,1682.8874250749252,3347.482595529472,29972.621372767862,-10819.868607954542,-2.7701465201465214,2,1,0,1,0,0,2,0,7,9,8,8,35.50295857988166,35.20710059171598,29.289940828402365,7,0.307,0.034,9.029411764705882,0.1265,0.15016666666666667,0.12108413053190194,7.172131147540984,0.0
s167,Hawaii,HICEAS2002,2002-09-11 16:28:08,Steno bredanensis,150000.0,48,10107.421875,8715.8203125,0.37,10107.421875,8715.8203125,1391.6015625,0.09974414102389664,0.06560880185170222,9067.3828125,414.4162759989351,8935.546875,9411.62109375,0.14785992217898833,1.1596638655462186,1.1596638655462186,9228.515625,8935.546875,8715.8203125,512.6953125,0.09162139202268048,0.10448205582149046,0.10969533018152001,0.09267268184266465,0.12451171875,0,0,0,-3883.3214492394177,3883.3214492394177,0.0,-11649.964347718253,0.0,0,0,1,1,0,0,0,0,0,6,0,6,24.761904761904763,50.476190476190474,24.761904761904763,0,0.0,0.0,0.0,0.0,0.0,0.0,0.0,0.0
s167,Hawaii,HICEAS2002,2002-09-11 16:28:08,Steno bredanensis,150000.0,52,11059.5703125,10473.6328125,0.621,10546.875,10620.1171875,585.9375,0.32097474192449493,0.27018412639322675,10854.969853940218,201.25330790275223,10986.328125,10766.6015625,0.05442176870748299,1.055944055944056,0.993103448275862,10986.328125,10986.328125,10766.6015625,292.96875,0.3462960897000997,0.4988442138932792,0.25192190918048335,0.17958860334339094,0.1025390625,0,0,0,62.28077168367346,1978.6122081043952,10317.847842261903,-10899.135044642855,-0.9466666666666667,2,1,0,1,0,0,1,0,2,6,2,6,34.25925925925926,36.574074074074076,29.166666666666668,3,0.45,0.034,13.235294117647058,0.242,0.242,0.2941564209736038,4.830917874396135,0.0
s167,Hawaii,HICEAS2002,2002-09-11 16:28:08,Steno bredanensis,150000.0,64,10839.84375,8789.0625,0.648,8789.0625,10620.1171875,2050.78125,0.2147265751914553,0.20584432675543532,10135.650634765625,471.60471444746145,10144.04296875,9814.453125,0.208955223880597,1.2333333333333334,0.8275862068965517,10620.1171875,10034.1796875,9887.6953125,604.248046875,0.15415161527413365,0.17724876880021845,0.18848948556389025,0.34705403181685907,0.47607421875,1,0,1,2863.60432330827,7957.515859962405,73429.029815051,-10998.218090503246,-6.676447876447876,1,0,0,1,0,0,3,2,4,9,5,9,31.11111111111111,44.44444444444444,24.444444444444443,9,0.245,0.007,35.0,0.034,0.06837499999999999,0.0813983809947804,13.88888888888889,1.5432098765432098
s167,Hawaii,HICEAS2002,2002-09-11 16:28:08,Steno bredanensis,150000.0,65,7983.3984375,6298.828125,0.956,7983.3984375,7617.1875,1684.5703125,0.25125141960031894,0.20007302164893087,6947.099401595745,352.7741582435186,6958.0078125,7141.11328125,0.2358974358974359,1.2674418604651163,1.0480769230769231,6518.5546875,6298.828125,6884.765625,366.2109375,0.1892792448245541,0.24067806316697188,0.31288397335433943,0.2639350306204325,0.6591796875,0,0,0,-479.5619419642856,7978.166852678569,15906.131628787885,-20415.207435344833,-0.7791315213995628,0,0,1,2,1,0,1,0,9,6,10,5,42.79835390946502,35.80246913580247,21.39917695473251,8,0.219,0.082,2.670731707317073,0.116,0.12771428571428572,0.042905766068265946,8.368200836820083,0.0
s167,Hawaii,HICEAS2002,2002-09-11 16:28:08,Steno bredanensis,150000.0,66,9960.9375,5419.921875,1.332,5419.921875,9521.484375,4541.015625,0.2676257641852669,0.20594829837433154,8727.030851403062,1255.9230462547048,9375.0,7690.4296875,0.5904761904761905,1.837837837837838,0.5692307692307692,8056.640625,9375.0,9887.6953125,1611.328125,0.3434053063905108,0.4002708097650114,0.23291537341581145,0.08871378093596756,0.54931640625,1,0,1,3125.5365728021975,4905.169700091574,32624.74423363095,-10844.639369419643,-3.008375209380234,2,1,0,1,0,0,1,1,13,11,12,12,37.471783295711056,34.31151241534989,28.216704288939056,7,0.635,0.042,15.119047619047619,0.056999999999999995,0.15016666666666667,0.2376244235483101,5.255255255255255,0.7507507507507507
s167,Hawaii,HICEAS2002,2002-09-11 16:55:08,Steno bredanensis,150000.0,4,7690.4296875,6298.828125,1.03,7690.4296875,6591.796875,1391.6015625,0.3762167229126815,0.12965582405798487,6889.102333470395,319.44814096265,6884.765625,6994.62890625,0.19895287958115182,1.2209302325581395,1.1666666666666667,6518.5546875,6518.5546875,6884.765625,439.453125,0.41818672253563194,0.29362386011516756,0.4236695067761699,0.36806788545857094,0.6591796875,0,0,0,-1116.18691609508,7029.148127069532,13528.138528138536,-17570.65130739796,-0.7699281199919231,0,0,1,1,0,0,0,1,6,10,5,11,39.23076923076923,39.61538461538461,21.153846153846153,8,0.15,0.089,1.6853932584269664,0.11,0.11414285714285714,0.021310627797952297,7.766990291262136,0.0
s167,Hawaii,HICEAS2002,2002-09-11 16:55:08,Steno bredanensis,150000.0,5,12377.9296875,6079.1015625,0.902,12377.9296875,6958.0078125,6298.828125,0.3847228304540418,0.04125530846132004,7155.706649436091,1222.2552597524746,6884.765625,9228.515625,0.6825396825396826,2.036144578313253,1.7789473684210526,7177.734375,7031.25,6811.5234375,292.96875,0.39060610295840714,0.38265089408170583,0.38945583604163775,0.37600020774943577,1.06201171875,0,2,2,-6625.35299986472,12530.70253314393,13439.761006773404,-34170.261221042456,-0.39331747919143906,0,0,1,2,1,0,1,2,7,5,6,6,38.288288288288285,40.99099099099099,20.72072072072072,8,0.231,0.015,15.400000000000002,0.083,0.10742857142857143,0.07279390346005896,8.869179600886918,2.2172949002217295
s167,Hawaii,HICEAS2002,2002-09-11 16:55:08,Steno bredanensis,150000.0,9,8789.0625,5493.1640625,0.922,8789.0625,6225.5859375,3295.8984375,0.3627728798984267,0.1243207103463382,6297.21248851103,703.9533983481551,6079.1015625,7141.11328125,0.46153846153846156,1.6,1.411764705882353,6079.1015625,6079.1015625,6079.1015625,146.484375,0.2361876510773091,0.4186209671880829,0.3823022978851035,0.4193682686664205,0.40283203125,1,1,2,-2767.572958002646,4627.692005621695,41852.67857142858,-22690.017502029226,-1.8445414847161572,0,0,1,1,0,0,0,0,3,6,3,6,31.736526946107784,38.32335329341318,29.94011976047904,4,0.485,0.068,7.13235294117647,0.082,0.21166666666666667,0.23681708834738535,4.3383947939262475,2.1691973969631237
s167,Hawaii,HICEAS2002,2002-09-11 16:55:08,Steno bredanensis,150000.0,15,9667.96875,6298.828125,1.167,9667.96875,8349.609375,3369.140625,0.3789402555559922,0.08234787492348733,7025.714253270349,575.4030443617074,6958.0078125,7983.3984375,0.42201834862385323,1.5348837209302326,1.1578947368421053,6811.5234375,6958.0078125,6958.0078125,384.521484375,0.3843217542423975,0.38947552118674184,0.37765273021359547,0.3638345704464441,0.9228515625,0,0,0,-1060.0842927631572,8648.431789108181,15447.707403273815,-18045.176630434777,-0.8560574229691883,0,0,1,2,1,0,1,2,7,6,6,7,39.7887323943662,40.140845070422536,20.070422535211268,12,0.15,0.054,2.7777777777777777,0.088,0.09245454545454544,0.030614910211737144,10.282776349614396,0.0
s167,Hawaii,HICEAS2002,2002-09-11 16:55:08,Steno bredanensis,150000.0,16,10693.359375,5859.375,0.949,10693.359375,5932.6171875,4833.984375,0.3833476134100141,0.07112723367407146,6343.819754464285,1083.8172321535026,5932.6171875,8276.3671875,0.584070796460177,1.825,1.8024691358024691,5932.6171875,5859.375,5932.6171875,0.0,0.40608030989078303,0.38622958171133065,0.37262264640972714,0.367351374620493,0.46875,0,2,2,-5134.35512750514,5284.904330999487,10463.169642857143,-26819.945643187835,-0.3901264298615291,0,0,1,1,0,0,0,0,1,3,1,3,30.747126436781606,39.08045977011494,30.17241379310345,2,0.464,0.464,1.0,0.464,0.464,0.0,2.107481559536354,2.107481559536354
s167,Hawaii,HICEAS2002,2002-09-11 16:55:08,Steno bredanensis,150000.0,17,8935.546875,6005.859375,1.058,8935.546875,8422.8515625,2929.6875,0.3695888745002869,0.04780993267981898,6904.015174278846,439.85555064263644,6811.5234375,7470.703125,0.39215686274509803,1.4878048780487805,1.0608695652173914,6591.796875,6811.5234375,6884.765625,366.2109375,0.35737530044546917,0.3689647608025952,0.3679798518084497,0.3847371713788219,0.76904296875,0,0,0,-511.9077620967746,8741.809475806449,16784.667968750004,-18388.79707532051,-0.9127659574468088,0,0,1,2,1,0,1,1,5,10,5,10,39.69465648854962,39.69465648854962,20.610687022900763,10,0.191,0.061,3.1311475409836067,0.102,0.10766666666666667,0.042825226210727714,9.45179584120983,0.0
s167,Hawaii,HICEAS2002,2002-09-11 16:55:08,Steno bredanensis,150000.0,18,6079.1015625,5749.51171875,0.778,6079.1015625,5749.51171875,329.58984375,0.3484779532125247,0.04911454817316937,5815.177128232759,56.881685805663786,5822.75390625,5914.306640625,0.05572755417956656,1.0573248407643312,1.0573248407643312,5822.75390625,5822.75390625,5749.51171875,73.2421875,0.3193832138510491,0.34364692237978417,0.36286039338102977,0.3704445525378225,0.018310546875,0,0,0,-428.08154701657986,519.8637368662039,2615.792410714286,-3859.491512951334,-0.6777557100297916,0,0,1,1,0,0,0,0,1,5,1,5,31.690140845070424,38.028169014084504,30.28169014084507,2,0.095,0.095,1.0,0.095,0.095,0.0,2.570694087403599,0.0
s167,Hawaii,HICEAS2002,2002-09-11 16:55:08,Steno bredanensis,150000.0,20,8496.09375,6372.0703125,1.017,8496.09375,6591.796875,2124.0234375,0.36986399817945415,0.06600828687720389,7012.20703125,417.12889964893606,6884.765625,7434.08203125,0.2857142857142857,1.3333333333333333,1.288888888888889,7324.21875,6811.5234375,6738.28125,366.2109375,0.3718956083897013,0.37494382260048903,0.40441858466153385,0.3280057761301117,0.6298828125,0,0,0,-1972.0851060642374,6688.704083772769,12116.831511699515,-16544.328067765568,-0.7323858341099725,0,0,1,0,0,1,0,0,6,6,6,6,37.121212121212125,40.909090909090914,21.96969696969697,10,0.157,0.04,3.925,0.102,0.09788888888888889,0.04041176946275814,9.832841691248772,0.0
s167,Hawaii,HICEAS2002,2002-09-11 16:55:08,Steno bredanensis,150000.0,21,10290.52734375,5859.375,0.93,10290.52734375,5932.6171875,4431.15234375,0.33408620967068325,0.06399184054525937,6346.594769021739,991.2060276384872,6005.859375,8074.951171875,0.5487528344671202,1.75625,1.7345679012345678,5859.375,6005.859375,6042.48046875,73.2421875,0.3212756329158821,0.3763314335250837,0.32939474468629737,0.3100965908939872,0.29296875,0,2,2,-4725.8846822984,5123.18527921986,2701.6440590659345,-18603.798816201157,-0.1452200212309973,0,0,1,0,0,1,0,0,3,3,3,3,33.093525179856115,41.007194244604314,25.899280575539567,2,0.437,0.437,1.0,0.437,0.437,0.0,2.150537634408602,2.150537634408602
s167,Hawaii,HICEAS2002,2002-09-11 16:31:08,Steno bredanensis,150000.0,6,8935.546875,5273.4375,0.669,5273.4375,8056.640625,3662.109375,0.32345859612050104,0.2408472642482821,7563.180634469697,1145.7331221063343,7617.1875,7104.4921875,0.5154639175257731,1.6944444444444444,0.6545454545454545,6738.28125,7617.1875,8862.3046875,1831.0546875,0.4469579158212196,0.38067982368813247,0.3386970882477569,0.11933459675007825,0.41748046875,0,0,0,4248.438354136298,6810.847246264575,19353.74980070153,-13950.892857142853,-1.387276785714286,2,1,0,0,0,1,0,0,11,3,10,4,46.408839779005525,30.386740331491712,23.204419889502763,1,0.0,0.0,0.0,0.0,0.0,0.0,0.0,0.0
s167,Hawaii,HICEAS2002,2002-09-11 16:31:08,Steno bredanensis,150000.0,7,8569.3359375,4321.2890625,0.65,5493.1640625,4321.2890625,4248.046875,0.12255007761031335,0.1626575458943118,6105.04150390625,1294.4994803295754,5859.375,6445.3125,0.6590909090909091,1.9830508474576272,1.271186440677966,7690.4296875,5859.375,5346.6796875,1263.427734375,0.04272544181571096,0.049415727403100164,0.08687711153535767,0.3228540552467095,0.6298828125,3,1,4,-1661.257636278196,11683.87276785714,79345.703125,-19809.177943638395,-4.0055020632737275,2,1,0,0,0,1,0,0,2,7,1,8,27.058823529411764,50.588235294117645,22.35294117647059,3,0.308,0.034,9.058823529411764,0.17099999999999999,0.17099999999999999,0.19374725804511403,4.615384615384615,6.153846153846153
s167,Hawaii,HICEAS2002,2002-09-11 16:31:08,Steno bredanensis,150000.0,8,8789.0625,8349.609375,0.778,8715.8203125,8422.8515625,439.453125,0.18862666516707716,0.2121588652993953,8663.595448369566,119.11719501416223,8642.578125,8569.3359375,0.05128205128205128,1.0526315789473684,1.0347826086956522,8789.0625,8789.0625,8569.3359375,219.7265625,0.04232184271761298,0.05361913272322634,0.1621879805385475,0.5073688132432733,0.09521484375,0,0,0,-351.8317277568922,1330.8417528195487,11160.714285714286,-10656.932043650791,-1.0472727272727276,2,1,0,1,0,0,1,0,3,8,3,8,33.10104529616725,36.58536585365854,30.313588850174217,5,0.383,0.006,63.833333333333336,0.177,0.18575,0.16565300077773015,6.426735218508997,0.0
s167,Hawaii,HICEAS2002,2002-09-11 16:31:08,Steno bredanensis,150000.0,12,10913.0859375,7104.4921875,1.072,8203.125,9008.7890625,3808.59375,0.2940484807647036,0.2559668286563304,8203.125,732.9348571790263,8129.8828125,9008.7890625,0.42276422764227645,1.5360824742268042,0.9105691056910569,7690.4296875,8642.578125,8056.640625,659.1796875,0.24577378672451,0.4494641112088528,0.3585480312209322,0.11966079040698198,1.494140625,1,1,2,272.13126990445886,16783.279543903565,34329.48074061354,-25922.502790178565,-1.3243119701242807,0,0,1,2,1,0,6,2,5,9,9,5,38.23529411764706,43.27731092436975,18.487394957983195,14,0.143,0.013,11.0,0.054,0.074,0.048769867746386183,13.059701492537313,1.8656716417910446
s167,Hawaii,HICEAS2002,2002-09-11 16:31:08,Steno bredanensis,150000.0,13,8715.8203125,7690.4296875,0.348,8715.8203125,8715.8203125,1025.390625,0.12712786690314065,0.14793854389170447,8127.065805288462,367.49016534001976,8129.8828125,8203.125,0.125,1.1333333333333333,1.0,7983.3984375,7690.4296875,8203.125,732.421875,0.09951557587389172,0.20575461787146676,0.1379596653571416,0.06242877789641003,0.1904296875,0,0,0,94.03175332633019,5992.3871892507,12933.640252976189,-12534.005301339284,-1.0318840579710145,0,0,1,2,1,0,0,0,2,3,2,3,43.24324324324324,40.54054054054054,16.216216216216218,2,0.15,0.15,1.0,0.15,0.15,0.0,5.74712643678161,0.0
s167,Hawaii,HICEAS2002,2002-09-11 16:31:08,Steno bredanensis,150000.0,22,13403.3203125,5786.1328125,0.976,5786.1328125,13403.3203125,7617.1875,0.10999071154998566,0.12954621421700202,9857.686360677084,2045.2937902271306,9814.453125,9594.7265625,0.7938931297709924,2.3164556962025316,0.43169398907103823,8349.609375,9814.453125,11499.0234375,3295.8984375,0.038942768151339804,0.18033043910953053,0.11564678633421864,0.10693142644638261,0.97412109375,2,0,2,7724.2093843656385,10803.405578796197,44157.482328869046,-10483.929900085031,-4.2119207920792086,2,1,0,2,1,0,3,3,10,10,9,11,40.625,36.328125,23.046875,15,0.13,0.013,10.0,0.038000000000000006,0.05171428571428572,0.042922879986944336,15.368852459016393,2.0491803278688523
s167,Hawaii,HICEAS2002,2002-09-11 16:31:08,Steno bredanensis,150000.0,25,7836.9140625,7470.703125,0.212,7836.9140625,7470.703125,366.2109375,0.33420969502202874,0.15408618033397037,7791.1376953125,101.4702996069765,7836.9140625,7653.80859375,0.04784688995215311,1.0490196078431373,1.0490196078431373,7836.9140625,7836.9140625,7836.9140625,0.0,0.3594291965096679,0.2607694752816097,0.4239349204522874,0.2831731866066757,0.029296875,0,0,0,-1743.8616071428569,1743.8616071428569,0.0,-10811.941964285714,0.0,1,0,0,0,0,1,0,0,0,0,0,1,30.263157894736842,39.473684210526315,30.263157894736842,0,0.0,0.0,0.0,0.0,0.0,0.0,0.0,0.0
s167,Hawaii,HICEAS2002,2002-09-11 16:46:08,Steno bredanensis,150000.0,1,8203.125,6958.0078125,0.587,7324.21875,7543.9453125,1245.1171875,0.3161254850135115,0.06938292641402428,7774.6161099137935,366.47123555408456,7910.15625,7580.56640625,0.1642512077294686,1.1789473684210525,0.970873786407767,6958.0078125,7983.3984375,8129.8828125,695.80078125,0.3015343132459666,0.2963436786282829,0.3271898302616364,0.3405440528183818,0.38818359375,1,0,1,288.95381281146217,7051.486905627076,52606.49181547618,-10769.960110780425,-4.884557721139429,1,0,0,0,0,1,1,3,3,8,1,11,27.586206896551722,51.03448275862069,21.379310344827587,8,0.191,0.014,13.642857142857142,0.041,0.06242857142857144,0.06082997381460651,13.62862010221465,1.7035775127768313
s167,Hawaii,HICEAS2002,2002-09-11 16:46:08,Steno bredanensis,150000.0,2,8496.09375,8422.8515625,0.382,8422.8515625,8422.8515625,73.2421875,0.33483549326648543,0.13523851436108145,8448.550575657895,35.26514917384373,8422.8515625,8459.47265625,0.008658008658008658,1.008695652173913,1.0,8496.09375,8422.8515625,8496.09375,73.2421875,0.3077042381627442,0.3458104607095474,0.3059686263114575,0.381796594675317,0.029296875,0,0,0,0.0,747.3692602040816,10463.169642857143,-10463.169642857143,-1.0,1,0,0,1,0,0,0,0,2,2,2,3,34.22818791946309,34.22818791946309,31.543624161073826,3,0.137,0.068,2.014705882352941,0.10250000000000001,0.10250000000000001,0.04879036790187178,7.853403141361256,0.0
s167,Hawaii,HICEAS2002,2002-09-11 16:46:08,Steno bredanensis,150000.0,6,8056.640625,7250.9765625,0.343,8056.640625,7324.21875,805.6640625,0.2982206334208213,0.08133437766535329,7661.707261029412,185.33511523018274,7690.4296875,7653.80859375,0.10526315789473684,1.1111111111111112,1.1,7763.671875,7543.9453125,7690.4296875,219.7265625,0.24615144500573777,0.331431137133931,0.3255322712503516,0.289063267532635,0.13916015625,0,0,0,-2171.1077008928564,5100.795200892857,73242.1875,-10693.974855567225,-6.8489208633093535,0,0,1,0,0,1,0,1,1,8,0,9,22.61904761904762,55.952380952380956,21.428571428571427,2,0.014,0.014,1.0,0.014,0.014,0.0,5.830903790087463,0.0
s167,Hawaii,HICEAS2002,2002-09-11 16:46:08,Steno bredanensis,150000.0,8,9265.13671875,8679.19921875,0.424,9265.13671875,8679.19921875,585.9375,0.21618558892566292,0.0839089639082758,8870.315551757812,163.96838226513523,8825.68359375,8972.16796875,0.0653061224489796,1.0675105485232068,1.0675105485232068,8972.16796875,8825.68359375,8752.44140625,192.2607421875,0.22550015342924398,0.2774519049943658,0.21250720914759338,0.13839493594604907,0.0439453125,0,0,0,-1403.96004575062,1403.96004575062,0.0,-2901.5174278846143,-0.0,0,0,1,1,0,0,0,0,0,3,0,3,18.75,62.5,18.75,0,0.0,0.0,0.0,0.0,0.0,0.0,0.0,0.0
s167,Hawaii,HICEAS2002,2002-09-11 16:46:08,Steno bredanensis,150000.0,13,9741.2109375,8129.8828125,0.861,8129.8828125,9741.2109375,1611.328125,0.21088509390954432,0.1256363430310734,9500.146099901574,335.398071250638,9594.7265625,8935.546875,0.18032786885245902,1.1981981981981982,0.8345864661654135,9448.2421875,9594.7265625,9741.2109375,292.96875,0.12769859372299194,0.22522247137301996,0.2652670796936494,0.22581891268525725,0.1318359375,0,0,0,1871.883193381519,1871.883193381519,12413.541177161653,0.0,0.0,2,1,0,1,0,0,0,0,7,0,6,1,39.682539682539684,30.158730158730158,30.158730158730158,1,0.0,0.0,0.0,0.0,0.0,0.0,0.0,0.0
s167,Hawaii,HICEAS2002,2002-09-11 16:46:08,Steno bredanensis,150000.0,15,9704.58984375,8166.50390625,0.806,8166.50390625,9704.58984375,1538.0859375,0.12174354532991823,0.07753995977630558,9452.5146484375,264.9456800148658,9448.2421875,8935.546875,0.1721311475409836,1.188340807174888,0.8415094339622642,9448.2421875,9448.2421875,9631.34765625,183.10546875,0.1542434729683283,0.14305048017439911,0.1132835845532403,0.07083615581337496,0.06591796875,0,0,0,1906.87970001397,1906.87970001397,6617.994252989661,0.0,0.0,2,1,0,2,1,0,1,0,3,0,3,0,45.3125,27.34375,27.34375,1,0.0,0.0,0.0,0.0,0.0,0.0,0.0,0.0
